month_label,instant,regular,instant_share_percent
Nov 2019*,0,1,0.0
Dec 2019,0,289,0.0
Jan 2020,0,223,0.0
Feb 2020,0,184,0.0
Mar 2020,0,244,0.0
Apr 2020,0,473,0.0
May 2020,0,837,0.0
Jun 2020,0,2615,0.0
Jul 2020,344,3257,9.552901971674535
Aug 2020,2506,911,73.339186420837
Sep 2020,3695,526,87.53849798625917
Oct 2020,7208,517,93.3074433656958
Nov 2020*,129,11,92.14285714285714
